id;country_name;date_added;last_modified
d67d0ef1-e757-46c4-8bbb-604008619f44;Response Tasty;2022-03-30T04:34:38;2022-03-30T05:59:17
ca1d3924-c455-4242-a02e-2dc05d26045f;alarm Gorgeous Credit;2022-03-30T19:11:57;2022-03-30T00:13:47
ab343dff-2949-4bd7-8019-15c510aed458;Granite purple state;2022-03-30T15:42:00;2022-03-29T23:44:11
55106a18-9788-4158-bf60-3f6d04b63d17;Jersey;2022-03-30T07:19:53;2022-03-30T00:53:18
4c8b0611-fed6-4cdd-8aec-7f5c16a3a5f5;Versatile Hat;2022-03-29T21:21:27;2022-03-30T12:20:47
20c12243-422d-4f81-ab67-6f7e95edc7d3;indexing withdrawal Decentralized;2022-03-30T15:55:23;2022-03-30T19:30:34
5bfd573b-ff3e-4859-a50b-502300166051;Islands Awesome;2022-03-30T10:04:13;2022-03-30T13:25:24
44d99ba1-e174-47cd-9344-30d25f536395;Taiwan capability;2022-03-30T16:45:41;2022-03-30T06:38:01
877864f8-ef22-43b5-bc73-ff3d1c154c96;Optimization;2022-03-30T06:30:12;2022-03-30T03:24:59
94f85a56-2ad8-4eab-b755-cf6fe49164c2;Indiana withdrawal Berkshire;2022-03-30T09:07:50;2022-03-30T14:15:38
